{"cameraMode":{"drawMode":0,"name":"Shaded","section":"Shading Mode"},"sceneLighting":true,"audioPlay":false,"sceneViewState":{"showFog":true,"showMaterialUpdate":false,"showSkybox":true,"showFlares":true,"showImageEffects":true,"showParticleSystems":true},"in2DMode":false,"pivot":{"x":486.058349609375,"y":1335.8712158203125,"z":25.4210205078125},"rotation":{"x":-0.025806710124015809,"y":0.00209640059620142,"z":-0.000054122334404382855,"w":-0.9996646642684937},"size":1204.247802734375,"orthographic":false}