{"cameraMode":{"drawMode":0,"name":"Shaded","section":"Shading Mode"},"sceneLighting":true,"audioPlay":false,"sceneViewState":{"showFog":true,"showMaterialUpdate":false,"showSkybox":true,"showFlares":true,"showImageEffects":true,"showParticleSystems":true},"in2DMode":false,"pivot":{"x":416.746826171875,"y":1079.7633056640625,"z":-5.1737060546875},"rotation":{"x":-0.00330947944894433,"y":0.00209729908965528,"z":-0.000006746727649442619,"w":-0.9999906420707703},"size":663.4091186523438,"orthographic":false}