{"cameraMode":{"drawMode":0,"name":"Shaded","section":"Shading Mode"},"sceneLighting":false,"audioPlay":false,"sceneViewState":{"showFog":true,"showMaterialUpdate":false,"showSkybox":false,"showFlares":true,"showImageEffects":true,"showParticleSystems":true},"in2DMode":false,"pivot":{"x":293.4950866699219,"y":1167.4263916015625,"z":1.27996826171875},"rotation":{"x":-0.019808117300271989,"y":-0.00240220595151186,"z":0.00004778819129569456,"w":-0.9997990131378174},"size":649.211669921875,"orthographic":false}