{"cameraMode":{"drawMode":0,"name":"Shaded","section":"Shading Mode"},"sceneLighting":true,"audioPlay":false,"sceneViewState":{"showFog":true,"showMaterialUpdate":false,"showSkybox":true,"showFlares":true,"showImageEffects":true,"showParticleSystems":true},"in2DMode":false,"pivot":{"x":486.27276611328127,"y":1139.1080322265625,"z":37.166015625},"rotation":{"x":-0.025806710124015809,"y":0.00209640059620142,"z":-0.000054122334404382855,"w":-0.9996646642684937},"size":1906.80712890625,"orthographic":false}