{"cameraMode":{"drawMode":0,"name":"Shaded","section":"Shading Mode"},"sceneLighting":true,"audioPlay":false,"sceneViewState":{"showFog":true,"showMaterialUpdate":false,"showSkybox":true,"showFlares":true,"showImageEffects":true,"showParticleSystems":true},"in2DMode":false,"pivot":{"x":840.3448486328125,"y":120.67793273925781,"z":-9.7471923828125},"rotation":{"x":-0.00330947944894433,"y":0.00209729908965528,"z":-0.000006746727649442619,"w":-0.9999906420707703},"size":762.9567260742188,"orthographic":false}