{"cameraMode":{"drawMode":0,"name":"Shaded","section":"Shading Mode"},"sceneLighting":false,"audioPlay":false,"sceneViewState":{"showFog":true,"showMaterialUpdate":false,"showSkybox":false,"showFlares":true,"showImageEffects":true,"showParticleSystems":true},"in2DMode":false,"pivot":{"x":617.7789306640625,"y":1612.371826171875,"z":-3.72320556640625},"rotation":{"x":0.010190163739025593,"y":-0.005402373615652323,"z":-0.000054859603551449254,"w":-0.9999318718910217},"size":412.31573486328127,"orthographic":false}